,url,influencerCategory,influencerMention,accountType
innova_bilisim,"https://docs.google.com/forms/d/e/1FAIpQLSfyzdCEu8dJGiUoR9DVcqOZYBgcMMnE6z2XGrmA17lhYi801Q/viewform?usp=pp_url&entry.1102225441=https://instagram.com/innova_bilisim&entry.1477564887=31126
",Tech,No,Company
cediosman,"https://docs.google.com/forms/d/e/1FAIpQLSfyzdCEu8dJGiUoR9DVcqOZYBgcMMnE6z2XGrmA17lhYi801Q/viewform?usp=pp_url&entry.1102225441=https://instagram.com/cediosman&entry.1477564887=31126
",Sports,No,Influencer
tolgshowresmi,"https://docs.google.com/forms/d/e/1FAIpQLSfyzdCEu8dJGiUoR9DVcqOZYBgcMMnE6z2XGrmA17lhYi801Q/viewform?usp=pp_url&entry.1102225441=https://instagram.com/tolgshowresmi&entry.1477564887=31126
",Entertainment,No,Company
erdem_gul34,"https://docs.google.com/forms/d/e/1FAIpQLSfyzdCEu8dJGiUoR9DVcqOZYBgcMMnE6z2XGrmA17lhYi801Q/viewform?usp=pp_url&entry.1102225441=https://instagram.com/erdem_gul34&entry.1477564887=31126
",Entertainment,No,Influencer
antmodern,"https://docs.google.com/forms/d/e/1FAIpQLSfyzdCEu8dJGiUoR9DVcqOZYBgcMMnE6z2XGrmA17lhYi801Q/viewform?usp=pp_url&entry.1102225441=https://instagram.com/antmodern&entry.1477564887=31126
",Health and Lifestyle,No,Company
engeenergy,"https://docs.google.com/forms/d/e/1FAIpQLSfyzdCEu8dJGiUoR9DVcqOZYBgcMMnE6z2XGrmA17lhYi801Q/viewform?usp=pp_url&entry.1102225441=https://instagram.com/engeenergy&entry.1477564887=31126
",Tech,No,Company
smile_institute,"https://docs.google.com/forms/d/e/1FAIpQLSfyzdCEu8dJGiUoR9DVcqOZYBgcMMnE6z2XGrmA17lhYi801Q/viewform?usp=pp_url&entry.1102225441=https://instagram.com/smile_institute&entry.1477564887=31126
",Health and Lifestyle,No,Company
akademisyenanne,"https://docs.google.com/forms/d/e/1FAIpQLSfyzdCEu8dJGiUoR9DVcqOZYBgcMMnE6z2XGrmA17lhYi801Q/viewform?usp=pp_url&entry.1102225441=https://instagram.com/akademisyenanne&entry.1477564887=31126
",Mom and Children,No,Influencer
kendiyolumdafilm,"https://docs.google.com/forms/d/e/1FAIpQLSfyzdCEu8dJGiUoR9DVcqOZYBgcMMnE6z2XGrmA17lhYi801Q/viewform?usp=pp_url&entry.1102225441=https://instagram.com/kendiyolumdafilm&entry.1477564887=31126
",Entertainment,No,Company
bodrumlupastalar,"https://docs.google.com/forms/d/e/1FAIpQLSfyzdCEu8dJGiUoR9DVcqOZYBgcMMnE6z2XGrmA17lhYi801Q/viewform?usp=pp_url&entry.1102225441=https://instagram.com/bodrumlupastalar&entry.1477564887=31126
",Food,No,Company
nerfturkiye,"https://docs.google.com/forms/d/e/1FAIpQLSfyzdCEu8dJGiUoR9DVcqOZYBgcMMnE6z2XGrmA17lhYi801Q/viewform?usp=pp_url&entry.1102225441=https://instagram.com/nerfturkiye&entry.1477564887=31126
",Entertainment,No,Company
casadellarte,"https://docs.google.com/forms/d/e/1FAIpQLSfyzdCEu8dJGiUoR9DVcqOZYBgcMMnE6z2XGrmA17lhYi801Q/viewform?usp=pp_url&entry.1102225441=https://instagram.com/casadellarte&entry.1477564887=31126
",Travel,No,Company
iliskitesti,"https://docs.google.com/forms/d/e/1FAIpQLSfyzdCEu8dJGiUoR9DVcqOZYBgcMMnE6z2XGrmA17lhYi801Q/viewform?usp=pp_url&entry.1102225441=https://instagram.com/iliskitesti&entry.1477564887=31126
",Entertainment,No,Company
siyahbeyazankara,"https://docs.google.com/forms/d/e/1FAIpQLSfyzdCEu8dJGiUoR9DVcqOZYBgcMMnE6z2XGrmA17lhYi801Q/viewform?usp=pp_url&entry.1102225441=https://instagram.com/siyahbeyazankara&entry.1477564887=31126
",Art,No,Company
cagdasertuna,"https://docs.google.com/forms/d/e/1FAIpQLSfyzdCEu8dJGiUoR9DVcqOZYBgcMMnE6z2XGrmA17lhYi801Q/viewform?usp=pp_url&entry.1102225441=https://instagram.com/cagdasertuna&entry.1477564887=31126
",Entertainment,No,Influencer
twitchdenkesitler,"https://docs.google.com/forms/d/e/1FAIpQLSfyzdCEu8dJGiUoR9DVcqOZYBgcMMnE6z2XGrmA17lhYi801Q/viewform?usp=pp_url&entry.1102225441=https://instagram.com/twitchdenkesitler&entry.1477564887=31126
",Entertainment,No,Influencer
reisgroups,"https://docs.google.com/forms/d/e/1FAIpQLSfyzdCEu8dJGiUoR9DVcqOZYBgcMMnE6z2XGrmA17lhYi801Q/viewform?usp=pp_url&entry.1102225441=https://instagram.com/reisgroups&entry.1477564887=31126
",Tech,No,Company
gayretmakina,"https://docs.google.com/forms/d/e/1FAIpQLSfyzdCEu8dJGiUoR9DVcqOZYBgcMMnE6z2XGrmA17lhYi801Q/viewform?usp=pp_url&entry.1102225441=https://instagram.com/gayretmakina&entry.1477564887=31126
",Tech,No,Company
mediaclicktr,"https://docs.google.com/forms/d/e/1FAIpQLSfyzdCEu8dJGiUoR9DVcqOZYBgcMMnE6z2XGrmA17lhYi801Q/viewform?usp=pp_url&entry.1102225441=https://instagram.com/mediaclicktr&entry.1477564887=31126
",Tech,No,Company
sanliurfapiazzaavym,"https://docs.google.com/forms/d/e/1FAIpQLSfyzdCEu8dJGiUoR9DVcqOZYBgcMMnE6z2XGrmA17lhYi801Q/viewform?usp=pp_url&entry.1102225441=https://instagram.com/sanliurfapiazzaavym&entry.1477564887=31126
",Entertainment,No,Company
ahi_genclikspor,"https://docs.google.com/forms/d/e/1FAIpQLSfyzdCEu8dJGiUoR9DVcqOZYBgcMMnE6z2XGrmA17lhYi801Q/viewform?usp=pp_url&entry.1102225441=https://instagram.com/ahi_genclikspor&entry.1477564887=31126
",Sports,No,Company
kemerlizimba,"https://docs.google.com/forms/d/e/1FAIpQLSfyzdCEu8dJGiUoR9DVcqOZYBgcMMnE6z2XGrmA17lhYi801Q/viewform?usp=pp_url&entry.1102225441=https://instagram.com/kemerlizimba&entry.1477564887=31126
",Tech,No,Company
enginalkan,"https://docs.google.com/forms/d/e/1FAIpQLSfyzdCEu8dJGiUoR9DVcqOZYBgcMMnE6z2XGrmA17lhYi801Q/viewform?usp=pp_url&entry.1102225441=https://instagram.com/enginalkan&entry.1477564887=31126
",Entertainment,No,Influencer
goodworks_pr,"https://docs.google.com/forms/d/e/1FAIpQLSfyzdCEu8dJGiUoR9DVcqOZYBgcMMnE6z2XGrmA17lhYi801Q/viewform?usp=pp_url&entry.1102225441=https://instagram.com/goodworks_pr&entry.1477564887=31126
",,,
huaweimobiletr,"https://docs.google.com/forms/d/e/1FAIpQLSfyzdCEu8dJGiUoR9DVcqOZYBgcMMnE6z2XGrmA17lhYi801Q/viewform?usp=pp_url&entry.1102225441=https://instagram.com/huaweimobiletr&entry.1477564887=31126
",Tech,No,Company
degerini.bil,"https://docs.google.com/forms/d/e/1FAIpQLSfyzdCEu8dJGiUoR9DVcqOZYBgcMMnE6z2XGrmA17lhYi801Q/viewform?usp=pp_url&entry.1102225441=https://instagram.com/degerini.bil&entry.1477564887=31126
",Health and Lifestyle,No,Company
fringeistanbul,"https://docs.google.com/forms/d/e/1FAIpQLSfyzdCEu8dJGiUoR9DVcqOZYBgcMMnE6z2XGrmA17lhYi801Q/viewform?usp=pp_url&entry.1102225441=https://instagram.com/fringeistanbul&entry.1477564887=31126
",Entertainment,No,Company
isikmobilyatr,"https://docs.google.com/forms/d/e/1FAIpQLSfyzdCEu8dJGiUoR9DVcqOZYBgcMMnE6z2XGrmA17lhYi801Q/viewform?usp=pp_url&entry.1102225441=https://instagram.com/isikmobilyatr&entry.1477564887=31126
",Fashion,No,Company
hadioynalive,"https://docs.google.com/forms/d/e/1FAIpQLSfyzdCEu8dJGiUoR9DVcqOZYBgcMMnE6z2XGrmA17lhYi801Q/viewform?usp=pp_url&entry.1102225441=https://instagram.com/hadioynalive&entry.1477564887=31126
",Entertainment,No,Company
altayoguz1905,"https://docs.google.com/forms/d/e/1FAIpQLSfyzdCEu8dJGiUoR9DVcqOZYBgcMMnE6z2XGrmA17lhYi801Q/viewform?usp=pp_url&entry.1102225441=https://instagram.com/altayoguz1905&entry.1477564887=31126
",Sports,No,Influencer
moderndanstoplulugu,"https://docs.google.com/forms/d/e/1FAIpQLSfyzdCEu8dJGiUoR9DVcqOZYBgcMMnE6z2XGrmA17lhYi801Q/viewform?usp=pp_url&entry.1102225441=https://instagram.com/moderndanstoplulugu&entry.1477564887=31126
",Sports,No,Company
prof_demirtas,"https://docs.google.com/forms/d/e/1FAIpQLSfyzdCEu8dJGiUoR9DVcqOZYBgcMMnE6z2XGrmA17lhYi801Q/viewform?usp=pp_url&entry.1102225441=https://instagram.com/prof_demirtas&entry.1477564887=31126
",Entertainment,No,Influencer
bellapaisschool,"https://docs.google.com/forms/d/e/1FAIpQLSfyzdCEu8dJGiUoR9DVcqOZYBgcMMnE6z2XGrmA17lhYi801Q/viewform?usp=pp_url&entry.1102225441=https://instagram.com/bellapaisschool&entry.1477564887=31126
",Health and Lifestyle,No,Company
megapolistanbul,"https://docs.google.com/forms/d/e/1FAIpQLSfyzdCEu8dJGiUoR9DVcqOZYBgcMMnE6z2XGrmA17lhYi801Q/viewform?usp=pp_url&entry.1102225441=https://instagram.com/megapolistanbul&entry.1477564887=31126
",Travel,No,Company
mengenbelediyesi1414,"https://docs.google.com/forms/d/e/1FAIpQLSfyzdCEu8dJGiUoR9DVcqOZYBgcMMnE6z2XGrmA17lhYi801Q/viewform?usp=pp_url&entry.1102225441=https://instagram.com/mengenbelediyesi1414&entry.1477564887=31126
",Travel,No,Company
diyanetcocuk,"https://docs.google.com/forms/d/e/1FAIpQLSfyzdCEu8dJGiUoR9DVcqOZYBgcMMnE6z2XGrmA17lhYi801Q/viewform?usp=pp_url&entry.1102225441=https://instagram.com/diyanetcocuk&entry.1477564887=31126
",Entertainment,No,Company
sutastr,"https://docs.google.com/forms/d/e/1FAIpQLSfyzdCEu8dJGiUoR9DVcqOZYBgcMMnE6z2XGrmA17lhYi801Q/viewform?usp=pp_url&entry.1102225441=https://instagram.com/sutastr&entry.1477564887=31126
",Food,No,Company
kanvastik,"https://docs.google.com/forms/d/e/1FAIpQLSfyzdCEu8dJGiUoR9DVcqOZYBgcMMnE6z2XGrmA17lhYi801Q/viewform?usp=pp_url&entry.1102225441=https://instagram.com/kanvastik&entry.1477564887=31126
",Art,No,Company
doguswag808,"https://docs.google.com/forms/d/e/1FAIpQLSfyzdCEu8dJGiUoR9DVcqOZYBgcMMnE6z2XGrmA17lhYi801Q/viewform?usp=pp_url&entry.1102225441=https://instagram.com/doguswag808&entry.1477564887=31126
",Entertainment,No,Influencer
mayavakfi,"https://docs.google.com/forms/d/e/1FAIpQLSfyzdCEu8dJGiUoR9DVcqOZYBgcMMnE6z2XGrmA17lhYi801Q/viewform?usp=pp_url&entry.1102225441=https://instagram.com/mayavakfi&entry.1477564887=31126
",Health and Lifestyle,No,Company
monologlarmuzesi,"https://docs.google.com/forms/d/e/1FAIpQLSfyzdCEu8dJGiUoR9DVcqOZYBgcMMnE6z2XGrmA17lhYi801Q/viewform?usp=pp_url&entry.1102225441=https://instagram.com/monologlarmuzesi&entry.1477564887=31126
",Art,No,Company
tiyatropol,"https://docs.google.com/forms/d/e/1FAIpQLSfyzdCEu8dJGiUoR9DVcqOZYBgcMMnE6z2XGrmA17lhYi801Q/viewform?usp=pp_url&entry.1102225441=https://instagram.com/tiyatropol&entry.1477564887=31126
",Entertainment,No,Company
birddetective,"https://docs.google.com/forms/d/e/1FAIpQLSfyzdCEu8dJGiUoR9DVcqOZYBgcMMnE6z2XGrmA17lhYi801Q/viewform?usp=pp_url&entry.1102225441=https://instagram.com/birddetective&entry.1477564887=31126
",Travel,No,Influencer
bestoss,"https://docs.google.com/forms/d/e/1FAIpQLSfyzdCEu8dJGiUoR9DVcqOZYBgcMMnE6z2XGrmA17lhYi801Q/viewform?usp=pp_url&entry.1102225441=https://instagram.com/bestoss&entry.1477564887=31126
",Health and Lifestyle,No,Influencer
aynisinemalar,"https://docs.google.com/forms/d/e/1FAIpQLSfyzdCEu8dJGiUoR9DVcqOZYBgcMMnE6z2XGrmA17lhYi801Q/viewform?usp=pp_url&entry.1102225441=https://instagram.com/aynisinemalar&entry.1477564887=31126
",Entertainment,Yes,Influencer
ozyufka.com_tr,"https://docs.google.com/forms/d/e/1FAIpQLSfyzdCEu8dJGiUoR9DVcqOZYBgcMMnE6z2XGrmA17lhYi801Q/viewform?usp=pp_url&entry.1102225441=https://instagram.com/ozyufka.com_tr&entry.1477564887=31126
",Food,No,Company
teztranslojistik,"https://docs.google.com/forms/d/e/1FAIpQLSfyzdCEu8dJGiUoR9DVcqOZYBgcMMnE6z2XGrmA17lhYi801Q/viewform?usp=pp_url&entry.1102225441=https://instagram.com/teztranslojistik&entry.1477564887=31126
",Tech,No,Company
otokiosktr,"https://docs.google.com/forms/d/e/1FAIpQLSfyzdCEu8dJGiUoR9DVcqOZYBgcMMnE6z2XGrmA17lhYi801Q/viewform?usp=pp_url&entry.1102225441=https://instagram.com/otokiosktr&entry.1477564887=31126
",Tech,No,Company
nvidiageforcetr,"https://docs.google.com/forms/d/e/1FAIpQLSfyzdCEu8dJGiUoR9DVcqOZYBgcMMnE6z2XGrmA17lhYi801Q/viewform?usp=pp_url&entry.1102225441=https://instagram.com/nvidiageforcetr&entry.1477564887=31126
",Tech,No,Company
pointbarbaros,"https://docs.google.com/forms/d/e/1FAIpQLSfyzdCEu8dJGiUoR9DVcqOZYBgcMMnE6z2XGrmA17lhYi801Q/viewform?usp=pp_url&entry.1102225441=https://instagram.com/pointbarbaros&entry.1477564887=31126
",,,
elazig_mem,"https://docs.google.com/forms/d/e/1FAIpQLSfyzdCEu8dJGiUoR9DVcqOZYBgcMMnE6z2XGrmA17lhYi801Q/viewform?usp=pp_url&entry.1102225441=https://instagram.com/elazig_mem&entry.1477564887=31126
",Entertainment,No,Company
wenotrat,"https://docs.google.com/forms/d/e/1FAIpQLSfyzdCEu8dJGiUoR9DVcqOZYBgcMMnE6z2XGrmA17lhYi801Q/viewform?usp=pp_url&entry.1102225441=https://instagram.com/wenotrat&entry.1477564887=31126
",Tech,No,Influencer
mergemagic,"https://docs.google.com/forms/d/e/1FAIpQLSfyzdCEu8dJGiUoR9DVcqOZYBgcMMnE6z2XGrmA17lhYi801Q/viewform?usp=pp_url&entry.1102225441=https://instagram.com/mergemagic&entry.1477564887=31126
",Gaming,No,Company
codemarcoo,"https://docs.google.com/forms/d/e/1FAIpQLSfyzdCEu8dJGiUoR9DVcqOZYBgcMMnE6z2XGrmA17lhYi801Q/viewform?usp=pp_url&entry.1102225441=https://instagram.com/codemarcoo&entry.1477564887=31126
",Entertainment,No,Influencer
kolburanos,"https://docs.google.com/forms/d/e/1FAIpQLSfyzdCEu8dJGiUoR9DVcqOZYBgcMMnE6z2XGrmA17lhYi801Q/viewform?usp=pp_url&entry.1102225441=https://instagram.com/kolburanos&entry.1477564887=31126
",Food,No,Company
seyfvideo,"https://docs.google.com/forms/d/e/1FAIpQLSfyzdCEu8dJGiUoR9DVcqOZYBgcMMnE6z2XGrmA17lhYi801Q/viewform?usp=pp_url&entry.1102225441=https://instagram.com/seyfvideo&entry.1477564887=31126
",Entertainment,No,Influencer
chefsidarbudak,"https://docs.google.com/forms/d/e/1FAIpQLSfyzdCEu8dJGiUoR9DVcqOZYBgcMMnE6z2XGrmA17lhYi801Q/viewform?usp=pp_url&entry.1102225441=https://instagram.com/chefsidarbudak&entry.1477564887=31126
",Food,No,Influencer
simitcidunyasi,"https://docs.google.com/forms/d/e/1FAIpQLSfyzdCEu8dJGiUoR9DVcqOZYBgcMMnE6z2XGrmA17lhYi801Q/viewform?usp=pp_url&entry.1102225441=https://instagram.com/simitcidunyasi&entry.1477564887=31126
",Food,No,Company
lufianturkiye,"https://docs.google.com/forms/d/e/1FAIpQLSfyzdCEu8dJGiUoR9DVcqOZYBgcMMnE6z2XGrmA17lhYi801Q/viewform?usp=pp_url&entry.1102225441=https://instagram.com/lufianturkiye&entry.1477564887=31126
",Fashion,No,Company
nuhunankara,"https://docs.google.com/forms/d/e/1FAIpQLSfyzdCEu8dJGiUoR9DVcqOZYBgcMMnE6z2XGrmA17lhYi801Q/viewform?usp=pp_url&entry.1102225441=https://instagram.com/nuhunankara&entry.1477564887=31126
",Food,No,Company
turkiyekaykayfederasyonu,"https://docs.google.com/forms/d/e/1FAIpQLSfyzdCEu8dJGiUoR9DVcqOZYBgcMMnE6z2XGrmA17lhYi801Q/viewform?usp=pp_url&entry.1102225441=https://instagram.com/turkiyekaykayfederasyonu&entry.1477564887=31126
",,,
milas_belediyesi,"https://docs.google.com/forms/d/e/1FAIpQLSfyzdCEu8dJGiUoR9DVcqOZYBgcMMnE6z2XGrmA17lhYi801Q/viewform?usp=pp_url&entry.1102225441=https://instagram.com/milas_belediyesi&entry.1477564887=31126
",Entertainment,No,Company
worldmedya,"https://docs.google.com/forms/d/e/1FAIpQLSfyzdCEu8dJGiUoR9DVcqOZYBgcMMnE6z2XGrmA17lhYi801Q/viewform?usp=pp_url&entry.1102225441=https://instagram.com/worldmedya&entry.1477564887=31126
",Entertainment,No,Company
asyalahmacunkebap,"https://docs.google.com/forms/d/e/1FAIpQLSfyzdCEu8dJGiUoR9DVcqOZYBgcMMnE6z2XGrmA17lhYi801Q/viewform?usp=pp_url&entry.1102225441=https://instagram.com/asyalahmacunkebap&entry.1477564887=31126
",Food,No,Company
bizimtoptan,"https://docs.google.com/forms/d/e/1FAIpQLSfyzdCEu8dJGiUoR9DVcqOZYBgcMMnE6z2XGrmA17lhYi801Q/viewform?usp=pp_url&entry.1102225441=https://instagram.com/bizimtoptan&entry.1477564887=31126
",Tech,No,Company
mks_kilit_sistemleri,"https://docs.google.com/forms/d/e/1FAIpQLSfyzdCEu8dJGiUoR9DVcqOZYBgcMMnE6z2XGrmA17lhYi801Q/viewform?usp=pp_url&entry.1102225441=https://instagram.com/mks_kilit_sistemleri&entry.1477564887=31126
",Tech,No,Company
hercaidizi,"https://docs.google.com/forms/d/e/1FAIpQLSfyzdCEu8dJGiUoR9DVcqOZYBgcMMnE6z2XGrmA17lhYi801Q/viewform?usp=pp_url&entry.1102225441=https://instagram.com/hercaidizi&entry.1477564887=31126
",Entertainment,No,Company
senpilic,"https://docs.google.com/forms/d/e/1FAIpQLSfyzdCEu8dJGiUoR9DVcqOZYBgcMMnE6z2XGrmA17lhYi801Q/viewform?usp=pp_url&entry.1102225441=https://instagram.com/senpilic&entry.1477564887=31126
",Food,No,Company
allensuadiye,"https://docs.google.com/forms/d/e/1FAIpQLSfyzdCEu8dJGiUoR9DVcqOZYBgcMMnE6z2XGrmA17lhYi801Q/viewform?usp=pp_url&entry.1102225441=https://instagram.com/allensuadiye&entry.1477564887=31126
",Food,No,Company
istanbulakvaryum,"https://docs.google.com/forms/d/e/1FAIpQLSfyzdCEu8dJGiUoR9DVcqOZYBgcMMnE6z2XGrmA17lhYi801Q/viewform?usp=pp_url&entry.1102225441=https://instagram.com/istanbulakvaryum&entry.1477564887=31126
",Entertainment,No,Company
fakirevaletleri,"https://docs.google.com/forms/d/e/1FAIpQLSfyzdCEu8dJGiUoR9DVcqOZYBgcMMnE6z2XGrmA17lhYi801Q/viewform?usp=pp_url&entry.1102225441=https://instagram.com/fakirevaletleri&entry.1477564887=31126
",Tech,No,Company
serhatteoman,"https://docs.google.com/forms/d/e/1FAIpQLSfyzdCEu8dJGiUoR9DVcqOZYBgcMMnE6z2XGrmA17lhYi801Q/viewform?usp=pp_url&entry.1102225441=https://instagram.com/serhatteoman&entry.1477564887=31126
",Entertainment,No,Influencer
arda.tulum_,"https://docs.google.com/forms/d/e/1FAIpQLSfyzdCEu8dJGiUoR9DVcqOZYBgcMMnE6z2XGrmA17lhYi801Q/viewform?usp=pp_url&entry.1102225441=https://instagram.com/arda.tulum_&entry.1477564887=31126
",Art,No,Influencer
ankaratisortleri,"https://docs.google.com/forms/d/e/1FAIpQLSfyzdCEu8dJGiUoR9DVcqOZYBgcMMnE6z2XGrmA17lhYi801Q/viewform?usp=pp_url&entry.1102225441=https://instagram.com/ankaratisortleri&entry.1477564887=31126
",Fashion,No,Company
tehnomanija,"https://docs.google.com/forms/d/e/1FAIpQLSfyzdCEu8dJGiUoR9DVcqOZYBgcMMnE6z2XGrmA17lhYi801Q/viewform?usp=pp_url&entry.1102225441=https://instagram.com/tehnomanija&entry.1477564887=31126
",Tech,No,Company
siserisitmemerkezi,"https://docs.google.com/forms/d/e/1FAIpQLSfyzdCEu8dJGiUoR9DVcqOZYBgcMMnE6z2XGrmA17lhYi801Q/viewform?usp=pp_url&entry.1102225441=https://instagram.com/siserisitmemerkezi&entry.1477564887=31126
",Tech,No,Company
tiyatroyeniden_official,"https://docs.google.com/forms/d/e/1FAIpQLSfyzdCEu8dJGiUoR9DVcqOZYBgcMMnE6z2XGrmA17lhYi801Q/viewform?usp=pp_url&entry.1102225441=https://instagram.com/tiyatroyeniden_official&entry.1477564887=31126
",Entertainment,No,Company
stmdefence,"https://docs.google.com/forms/d/e/1FAIpQLSfyzdCEu8dJGiUoR9DVcqOZYBgcMMnE6z2XGrmA17lhYi801Q/viewform?usp=pp_url&entry.1102225441=https://instagram.com/stmdefence&entry.1477564887=31126
",Tech,No,Company
handekatipoglu,"https://docs.google.com/forms/d/e/1FAIpQLSfyzdCEu8dJGiUoR9DVcqOZYBgcMMnE6z2XGrmA17lhYi801Q/viewform?usp=pp_url&entry.1102225441=https://instagram.com/handekatipoglu&entry.1477564887=31126
",,,
everfastenings,"https://docs.google.com/forms/d/e/1FAIpQLSfyzdCEu8dJGiUoR9DVcqOZYBgcMMnE6z2XGrmA17lhYi801Q/viewform?usp=pp_url&entry.1102225441=https://instagram.com/everfastenings&entry.1477564887=31126
",Tech,No,Company
kayrasocial,"https://docs.google.com/forms/d/e/1FAIpQLSfyzdCEu8dJGiUoR9DVcqOZYBgcMMnE6z2XGrmA17lhYi801Q/viewform?usp=pp_url&entry.1102225441=https://instagram.com/kayrasocial&entry.1477564887=31126
",Fashion,No,Company
lifejentr,"https://docs.google.com/forms/d/e/1FAIpQLSfyzdCEu8dJGiUoR9DVcqOZYBgcMMnE6z2XGrmA17lhYi801Q/viewform?usp=pp_url&entry.1102225441=https://instagram.com/lifejentr&entry.1477564887=31126
",Health and Lifestyle,No,Company
tiyatro.in,"https://docs.google.com/forms/d/e/1FAIpQLSfyzdCEu8dJGiUoR9DVcqOZYBgcMMnE6z2XGrmA17lhYi801Q/viewform?usp=pp_url&entry.1102225441=https://instagram.com/tiyatro.in&entry.1477564887=31126
",Entertainment,No,Company
indes.inc,"https://docs.google.com/forms/d/e/1FAIpQLSfyzdCEu8dJGiUoR9DVcqOZYBgcMMnE6z2XGrmA17lhYi801Q/viewform?usp=pp_url&entry.1102225441=https://instagram.com/indes.inc&entry.1477564887=31126
",Tech,No,Company
drozanseymen,"https://docs.google.com/forms/d/e/1FAIpQLSfyzdCEu8dJGiUoR9DVcqOZYBgcMMnE6z2XGrmA17lhYi801Q/viewform?usp=pp_url&entry.1102225441=https://instagram.com/drozanseymen&entry.1477564887=31126
",Health and Lifestyle,No,Influencer
roketsan,"https://docs.google.com/forms/d/e/1FAIpQLSfyzdCEu8dJGiUoR9DVcqOZYBgcMMnE6z2XGrmA17lhYi801Q/viewform?usp=pp_url&entry.1102225441=https://instagram.com/roketsan&entry.1477564887=31126
",Tech,No,Company
walkingtouristanbul,"https://docs.google.com/forms/d/e/1FAIpQLSfyzdCEu8dJGiUoR9DVcqOZYBgcMMnE6z2XGrmA17lhYi801Q/viewform?usp=pp_url&entry.1102225441=https://instagram.com/walkingtouristanbul&entry.1477564887=31126
",Travel,No,Influencer
diyetisyenseymakavuncuoglu,"https://docs.google.com/forms/d/e/1FAIpQLSfyzdCEu8dJGiUoR9DVcqOZYBgcMMnE6z2XGrmA17lhYi801Q/viewform?usp=pp_url&entry.1102225441=https://instagram.com/diyetisyenseymakavuncuoglu&entry.1477564887=31126
",Health and Lifestyle,No,Influencer
germiyanbilgekoleji,"https://docs.google.com/forms/d/e/1FAIpQLSfyzdCEu8dJGiUoR9DVcqOZYBgcMMnE6z2XGrmA17lhYi801Q/viewform?usp=pp_url&entry.1102225441=https://instagram.com/germiyanbilgekoleji&entry.1477564887=31126
",Entertainment,No,Company
pendikbolgehastanesi,"https://docs.google.com/forms/d/e/1FAIpQLSfyzdCEu8dJGiUoR9DVcqOZYBgcMMnE6z2XGrmA17lhYi801Q/viewform?usp=pp_url&entry.1102225441=https://instagram.com/pendikbolgehastanesi&entry.1477564887=31126
",Health and Lifestyle,No,Company
holidayinnsisli,"https://docs.google.com/forms/d/e/1FAIpQLSfyzdCEu8dJGiUoR9DVcqOZYBgcMMnE6z2XGrmA17lhYi801Q/viewform?usp=pp_url&entry.1102225441=https://instagram.com/holidayinnsisli&entry.1477564887=31126
",Travel,No,Company
devawines,"https://docs.google.com/forms/d/e/1FAIpQLSfyzdCEu8dJGiUoR9DVcqOZYBgcMMnE6z2XGrmA17lhYi801Q/viewform?usp=pp_url&entry.1102225441=https://instagram.com/devawines&entry.1477564887=31126
",Food,No,Company
aksayyangin1,"https://docs.google.com/forms/d/e/1FAIpQLSfyzdCEu8dJGiUoR9DVcqOZYBgcMMnE6z2XGrmA17lhYi801Q/viewform?usp=pp_url&entry.1102225441=https://instagram.com/aksayyangin1&entry.1477564887=31126
",Tech,No,Company
sokebelediyesi,"https://docs.google.com/forms/d/e/1FAIpQLSfyzdCEu8dJGiUoR9DVcqOZYBgcMMnE6z2XGrmA17lhYi801Q/viewform?usp=pp_url&entry.1102225441=https://instagram.com/sokebelediyesi&entry.1477564887=31126
",Entertainment,No,Company
zuhaldentakilar,"https://docs.google.com/forms/d/e/1FAIpQLSfyzdCEu8dJGiUoR9DVcqOZYBgcMMnE6z2XGrmA17lhYi801Q/viewform?usp=pp_url&entry.1102225441=https://instagram.com/zuhaldentakilar&entry.1477564887=31126
",Fashion,No,Influencer
yargictony,"https://docs.google.com/forms/d/e/1FAIpQLSfyzdCEu8dJGiUoR9DVcqOZYBgcMMnE6z2XGrmA17lhYi801Q/viewform?usp=pp_url&entry.1102225441=https://instagram.com/yargictony&entry.1477564887=31126
",Entertainment,No,Influencer
marcellopaintofficial,"https://docs.google.com/forms/d/e/1FAIpQLSfyzdCEu8dJGiUoR9DVcqOZYBgcMMnE6z2XGrmA17lhYi801Q/viewform?usp=pp_url&entry.1102225441=https://instagram.com/marcellopaintofficial&entry.1477564887=31126
",Art,No,Company
ankaradakesif,"https://docs.google.com/forms/d/e/1FAIpQLSfyzdCEu8dJGiUoR9DVcqOZYBgcMMnE6z2XGrmA17lhYi801Q/viewform?usp=pp_url&entry.1102225441=https://instagram.com/ankaradakesif&entry.1477564887=31126
",Travel,Yes,Influencer
fenerworld,"https://docs.google.com/forms/d/e/1FAIpQLSfyzdCEu8dJGiUoR9DVcqOZYBgcMMnE6z2XGrmA17lhYi801Q/viewform?usp=pp_url&entry.1102225441=https://instagram.com/fenerworld&entry.1477564887=31126
",Sports,No,Company
zoomlion.platform.turkiye,"https://docs.google.com/forms/d/e/1FAIpQLSfyzdCEu8dJGiUoR9DVcqOZYBgcMMnE6z2XGrmA17lhYi801Q/viewform?usp=pp_url&entry.1102225441=https://instagram.com/zoomlion.platform.turkiye&entry.1477564887=31126
",Tech,No,Company
botalounge,"https://docs.google.com/forms/d/e/1FAIpQLSfyzdCEu8dJGiUoR9DVcqOZYBgcMMnE6z2XGrmA17lhYi801Q/viewform?usp=pp_url&entry.1102225441=https://instagram.com/botalounge&entry.1477564887=31126
",,,
billge,"https://docs.google.com/forms/d/e/1FAIpQLSfyzdCEu8dJGiUoR9DVcqOZYBgcMMnE6z2XGrmA17lhYi801Q/viewform?usp=pp_url&entry.1102225441=https://instagram.com/billge&entry.1477564887=31126
",Fashion,No,Influencer
labeljewellerycom,"https://docs.google.com/forms/d/e/1FAIpQLSfyzdCEu8dJGiUoR9DVcqOZYBgcMMnE6z2XGrmA17lhYi801Q/viewform?usp=pp_url&entry.1102225441=https://instagram.com/labeljewellerycom&entry.1477564887=31126
",Fashion,No,Company
tiesfed,"https://docs.google.com/forms/d/e/1FAIpQLSfyzdCEu8dJGiUoR9DVcqOZYBgcMMnE6z2XGrmA17lhYi801Q/viewform?usp=pp_url&entry.1102225441=https://instagram.com/tiesfed&entry.1477564887=31126
",Sports,No,Company
dilrubasaricimen,"https://docs.google.com/forms/d/e/1FAIpQLSfyzdCEu8dJGiUoR9DVcqOZYBgcMMnE6z2XGrmA17lhYi801Q/viewform?usp=pp_url&entry.1102225441=https://instagram.com/dilrubasaricimen&entry.1477564887=31126
",Entertainment,Yes,Influencer
kariyerli_anne,"https://docs.google.com/forms/d/e/1FAIpQLSfyzdCEu8dJGiUoR9DVcqOZYBgcMMnE6z2XGrmA17lhYi801Q/viewform?usp=pp_url&entry.1102225441=https://instagram.com/kariyerli_anne&entry.1477564887=31126
",Mom and Children,No,Influencer
fgwilsontr,"https://docs.google.com/forms/d/e/1FAIpQLSfyzdCEu8dJGiUoR9DVcqOZYBgcMMnE6z2XGrmA17lhYi801Q/viewform?usp=pp_url&entry.1102225441=https://instagram.com/fgwilsontr&entry.1477564887=31126
",Tech,No,Company
silpagaralimurat,"https://docs.google.com/forms/d/e/1FAIpQLSfyzdCEu8dJGiUoR9DVcqOZYBgcMMnE6z2XGrmA17lhYi801Q/viewform?usp=pp_url&entry.1102225441=https://instagram.com/silpagaralimurat&entry.1477564887=31126
",Entertainment,No,Influencer
kenansofuoglu,"https://docs.google.com/forms/d/e/1FAIpQLSfyzdCEu8dJGiUoR9DVcqOZYBgcMMnE6z2XGrmA17lhYi801Q/viewform?usp=pp_url&entry.1102225441=https://instagram.com/kenansofuoglu&entry.1477564887=31126
",Sports,No,Influencer
caglaralmendi,"https://docs.google.com/forms/d/e/1FAIpQLSfyzdCEu8dJGiUoR9DVcqOZYBgcMMnE6z2XGrmA17lhYi801Q/viewform?usp=pp_url&entry.1102225441=https://instagram.com/caglaralmendi&entry.1477564887=31126
",Fashion,No,Influencer
springprofessionaltr,"https://docs.google.com/forms/d/e/1FAIpQLSfyzdCEu8dJGiUoR9DVcqOZYBgcMMnE6z2XGrmA17lhYi801Q/viewform?usp=pp_url&entry.1102225441=https://instagram.com/springprofessionaltr&entry.1477564887=31126
",,,
superslowzoneerenkoy,"https://docs.google.com/forms/d/e/1FAIpQLSfyzdCEu8dJGiUoR9DVcqOZYBgcMMnE6z2XGrmA17lhYi801Q/viewform?usp=pp_url&entry.1102225441=https://instagram.com/superslowzoneerenkoy&entry.1477564887=31126
",Health and Lifestyle,No,Company
museumofillusions.istanbul,"https://docs.google.com/forms/d/e/1FAIpQLSfyzdCEu8dJGiUoR9DVcqOZYBgcMMnE6z2XGrmA17lhYi801Q/viewform?usp=pp_url&entry.1102225441=https://instagram.com/museumofillusions.istanbul&entry.1477564887=31126
",Art,No,Company
mdolcechocolate,"https://docs.google.com/forms/d/e/1FAIpQLSfyzdCEu8dJGiUoR9DVcqOZYBgcMMnE6z2XGrmA17lhYi801Q/viewform?usp=pp_url&entry.1102225441=https://instagram.com/mdolcechocolate&entry.1477564887=31126
",Food,No,Company
cankiriotelavsa,"https://docs.google.com/forms/d/e/1FAIpQLSfyzdCEu8dJGiUoR9DVcqOZYBgcMMnE6z2XGrmA17lhYi801Q/viewform?usp=pp_url&entry.1102225441=https://instagram.com/cankiriotelavsa&entry.1477564887=31126
",Travel,No,Company
konuralpbeyosgb,"https://docs.google.com/forms/d/e/1FAIpQLSfyzdCEu8dJGiUoR9DVcqOZYBgcMMnE6z2XGrmA17lhYi801Q/viewform?usp=pp_url&entry.1102225441=https://instagram.com/konuralpbeyosgb&entry.1477564887=31126
",Health and Lifestyle,No,Company
duvardansanata,"https://docs.google.com/forms/d/e/1FAIpQLSfyzdCEu8dJGiUoR9DVcqOZYBgcMMnE6z2XGrmA17lhYi801Q/viewform?usp=pp_url&entry.1102225441=https://instagram.com/duvardansanata&entry.1477564887=31126
",Art,No,Influencer
ugrasdent,"https://docs.google.com/forms/d/e/1FAIpQLSfyzdCEu8dJGiUoR9DVcqOZYBgcMMnE6z2XGrmA17lhYi801Q/viewform?usp=pp_url&entry.1102225441=https://instagram.com/ugrasdent&entry.1477564887=31126
",Health and Lifestyle,No,Company
furkanncagman,"https://docs.google.com/forms/d/e/1FAIpQLSfyzdCEu8dJGiUoR9DVcqOZYBgcMMnE6z2XGrmA17lhYi801Q/viewform?usp=pp_url&entry.1102225441=https://instagram.com/furkanncagman&entry.1477564887=31126
",Entertainment,No,Influencer
kidzaniaistanbul,"https://docs.google.com/forms/d/e/1FAIpQLSfyzdCEu8dJGiUoR9DVcqOZYBgcMMnE6z2XGrmA17lhYi801Q/viewform?usp=pp_url&entry.1102225441=https://instagram.com/kidzaniaistanbul&entry.1477564887=31126
",Entertainment,No,Company
cukuraga,"https://docs.google.com/forms/d/e/1FAIpQLSfyzdCEu8dJGiUoR9DVcqOZYBgcMMnE6z2XGrmA17lhYi801Q/viewform?usp=pp_url&entry.1102225441=https://instagram.com/cukuraga&entry.1477564887=31126
",Food,No,Company
hisartmuseum,"https://docs.google.com/forms/d/e/1FAIpQLSfyzdCEu8dJGiUoR9DVcqOZYBgcMMnE6z2XGrmA17lhYi801Q/viewform?usp=pp_url&entry.1102225441=https://instagram.com/hisartmuseum&entry.1477564887=31126
",Art,No,Company
tburaksahin,"https://docs.google.com/forms/d/e/1FAIpQLSfyzdCEu8dJGiUoR9DVcqOZYBgcMMnE6z2XGrmA17lhYi801Q/viewform?usp=pp_url&entry.1102225441=https://instagram.com/tburaksahin&entry.1477564887=31126
",Entertainment,No,Influencer
misimplantsturkey,"https://docs.google.com/forms/d/e/1FAIpQLSfyzdCEu8dJGiUoR9DVcqOZYBgcMMnE6z2XGrmA17lhYi801Q/viewform?usp=pp_url&entry.1102225441=https://instagram.com/misimplantsturkey&entry.1477564887=31126
",Health and Lifestyle,No,Company
hayratyardim,"https://docs.google.com/forms/d/e/1FAIpQLSfyzdCEu8dJGiUoR9DVcqOZYBgcMMnE6z2XGrmA17lhYi801Q/viewform?usp=pp_url&entry.1102225441=https://instagram.com/hayratyardim&entry.1477564887=31126
",Health and Lifestyle,No,Company
swissoffices,"https://docs.google.com/forms/d/e/1FAIpQLSfyzdCEu8dJGiUoR9DVcqOZYBgcMMnE6z2XGrmA17lhYi801Q/viewform?usp=pp_url&entry.1102225441=https://instagram.com/swissoffices&entry.1477564887=31126
",Entertainment,No,Company
sercevdernegi,"https://docs.google.com/forms/d/e/1FAIpQLSfyzdCEu8dJGiUoR9DVcqOZYBgcMMnE6z2XGrmA17lhYi801Q/viewform?usp=pp_url&entry.1102225441=https://instagram.com/sercevdernegi&entry.1477564887=31126
",Health and Lifestyle,No,Company
sunishotels,"https://docs.google.com/forms/d/e/1FAIpQLSfyzdCEu8dJGiUoR9DVcqOZYBgcMMnE6z2XGrmA17lhYi801Q/viewform?usp=pp_url&entry.1102225441=https://instagram.com/sunishotels&entry.1477564887=31126
",Travel,No,Company
mcbilal83,"https://docs.google.com/forms/d/e/1FAIpQLSfyzdCEu8dJGiUoR9DVcqOZYBgcMMnE6z2XGrmA17lhYi801Q/viewform?usp=pp_url&entry.1102225441=https://instagram.com/mcbilal83&entry.1477564887=31126
",,,
kaptanincevizciftligi,"https://docs.google.com/forms/d/e/1FAIpQLSfyzdCEu8dJGiUoR9DVcqOZYBgcMMnE6z2XGrmA17lhYi801Q/viewform?usp=pp_url&entry.1102225441=https://instagram.com/kaptanincevizciftligi&entry.1477564887=31126
",Food,No,Company
jollyjoker,"https://docs.google.com/forms/d/e/1FAIpQLSfyzdCEu8dJGiUoR9DVcqOZYBgcMMnE6z2XGrmA17lhYi801Q/viewform?usp=pp_url&entry.1102225441=https://instagram.com/jollyjoker&entry.1477564887=31126
",Entertainment,No,Company
gazellaturizm,"https://docs.google.com/forms/d/e/1FAIpQLSfyzdCEu8dJGiUoR9DVcqOZYBgcMMnE6z2XGrmA17lhYi801Q/viewform?usp=pp_url&entry.1102225441=https://instagram.com/gazellaturizm&entry.1477564887=31126
",Travel,No,Company
hassasbagirsaksendromu,"https://docs.google.com/forms/d/e/1FAIpQLSfyzdCEu8dJGiUoR9DVcqOZYBgcMMnE6z2XGrmA17lhYi801Q/viewform?usp=pp_url&entry.1102225441=https://instagram.com/hassasbagirsaksendromu&entry.1477564887=31126
",,,
haykocepkin,"https://docs.google.com/forms/d/e/1FAIpQLSfyzdCEu8dJGiUoR9DVcqOZYBgcMMnE6z2XGrmA17lhYi801Q/viewform?usp=pp_url&entry.1102225441=https://instagram.com/haykocepkin&entry.1477564887=31126
",Entertainment,No,Influencer
pilotturkiye,"https://docs.google.com/forms/d/e/1FAIpQLSfyzdCEu8dJGiUoR9DVcqOZYBgcMMnE6z2XGrmA17lhYi801Q/viewform?usp=pp_url&entry.1102225441=https://instagram.com/pilotturkiye&entry.1477564887=31126
",Tech,No,Company
fisherprice,"https://docs.google.com/forms/d/e/1FAIpQLSfyzdCEu8dJGiUoR9DVcqOZYBgcMMnE6z2XGrmA17lhYi801Q/viewform?usp=pp_url&entry.1102225441=https://instagram.com/fisherprice&entry.1477564887=31126
",Mom and Children,No,Company
_deli_mavi_,"https://docs.google.com/forms/d/e/1FAIpQLSfyzdCEu8dJGiUoR9DVcqOZYBgcMMnE6z2XGrmA17lhYi801Q/viewform?usp=pp_url&entry.1102225441=https://instagram.com/_deli_mavi_&entry.1477564887=31126
",Entertainment,No,Influencer
gsbasketbol,"https://docs.google.com/forms/d/e/1FAIpQLSfyzdCEu8dJGiUoR9DVcqOZYBgcMMnE6z2XGrmA17lhYi801Q/viewform?usp=pp_url&entry.1102225441=https://instagram.com/gsbasketbol&entry.1477564887=31126
",Sports,No,Company
debuttiyatro,"https://docs.google.com/forms/d/e/1FAIpQLSfyzdCEu8dJGiUoR9DVcqOZYBgcMMnE6z2XGrmA17lhYi801Q/viewform?usp=pp_url&entry.1102225441=https://instagram.com/debuttiyatro&entry.1477564887=31126
",Entertainment,No,Company
belediyesikose,"https://docs.google.com/forms/d/e/1FAIpQLSfyzdCEu8dJGiUoR9DVcqOZYBgcMMnE6z2XGrmA17lhYi801Q/viewform?usp=pp_url&entry.1102225441=https://instagram.com/belediyesikose&entry.1477564887=31126
",Entertainment,No,Company
lalapasabelediyesi,"https://docs.google.com/forms/d/e/1FAIpQLSfyzdCEu8dJGiUoR9DVcqOZYBgcMMnE6z2XGrmA17lhYi801Q/viewform?usp=pp_url&entry.1102225441=https://instagram.com/lalapasabelediyesi&entry.1477564887=31126
",Entertainment,No,Company
pubgmobile_tr,"https://docs.google.com/forms/d/e/1FAIpQLSfyzdCEu8dJGiUoR9DVcqOZYBgcMMnE6z2XGrmA17lhYi801Q/viewform?usp=pp_url&entry.1102225441=https://instagram.com/pubgmobile_tr&entry.1477564887=31126
",Gaming,No,Company
alamexelevator,"https://docs.google.com/forms/d/e/1FAIpQLSfyzdCEu8dJGiUoR9DVcqOZYBgcMMnE6z2XGrmA17lhYi801Q/viewform?usp=pp_url&entry.1102225441=https://instagram.com/alamexelevator&entry.1477564887=31126
",Tech,No,Company
alimyapim,"https://docs.google.com/forms/d/e/1FAIpQLSfyzdCEu8dJGiUoR9DVcqOZYBgcMMnE6z2XGrmA17lhYi801Q/viewform?usp=pp_url&entry.1102225441=https://instagram.com/alimyapim&entry.1477564887=31126
",Entertainment,No,Company
menopozveyasamtr,"https://docs.google.com/forms/d/e/1FAIpQLSfyzdCEu8dJGiUoR9DVcqOZYBgcMMnE6z2XGrmA17lhYi801Q/viewform?usp=pp_url&entry.1102225441=https://instagram.com/menopozveyasamtr&entry.1477564887=31126
",Health and Lifestyle,No,Company
bahcekadikoyrestaurant,"https://docs.google.com/forms/d/e/1FAIpQLSfyzdCEu8dJGiUoR9DVcqOZYBgcMMnE6z2XGrmA17lhYi801Q/viewform?usp=pp_url&entry.1102225441=https://instagram.com/bahcekadikoyrestaurant&entry.1477564887=31126
",Food,No,Company
akdeniztoros,"https://docs.google.com/forms/d/e/1FAIpQLSfyzdCEu8dJGiUoR9DVcqOZYBgcMMnE6z2XGrmA17lhYi801Q/viewform?usp=pp_url&entry.1102225441=https://instagram.com/akdeniztoros&entry.1477564887=31126
",Food,No,Company
assu_water,"https://docs.google.com/forms/d/e/1FAIpQLSfyzdCEu8dJGiUoR9DVcqOZYBgcMMnE6z2XGrmA17lhYi801Q/viewform?usp=pp_url&entry.1102225441=https://instagram.com/assu_water&entry.1477564887=31126
",Food,No,Company
sortiesortie,"https://docs.google.com/forms/d/e/1FAIpQLSfyzdCEu8dJGiUoR9DVcqOZYBgcMMnE6z2XGrmA17lhYi801Q/viewform?usp=pp_url&entry.1102225441=https://instagram.com/sortiesortie&entry.1477564887=31126
",Food,No,Company
nicepro.world,"https://docs.google.com/forms/d/e/1FAIpQLSfyzdCEu8dJGiUoR9DVcqOZYBgcMMnE6z2XGrmA17lhYi801Q/viewform?usp=pp_url&entry.1102225441=https://instagram.com/nicepro.world&entry.1477564887=31126
",Tech,No,Company